﻿<?xml version="1.0" encoding="utf-8" ?>
<Defs>
	
	<ThingDef Name="rxBaseSleepingGas">
		<defName>rxGas_Sleeping</defName>
		<label>sleeping gas cloud</label>
		<description>Knocks out living organisms after enough exposure.
Rapidly dissipates when under an open sky.</description>
		<thingClass>RemoteTech.GasCloud_HediffGiver</thingClass>
		<category>Ethereal</category>
		<drawerType>RealtimeOnly</drawerType>
		<graphicData>
			<texPath>rxGasCloud</texPath>
			<graphicClass>RemoteTech.Graphic_GasCloud</graphicClass>
			<shaderType>Mote</shaderType>
			<drawSize>(1.3,1.3)</drawSize>
			<color>(204, 153, 255)</color>
		</graphicData>
		<altitudeLayer>MoteOverhead</altitudeLayer>
		<mote Class="RemoteTech.MoteProperties_GasEffect">
			<!-- game ticks between gas ticks --> 
			<GastickInterval>25</GastickInterval>
			<!-- gas will attempt to multiply every x gas ticks -->
			<SpreadInterval>2</SpreadInterval> 
			<!-- how much concentration a cloud passes to its neighbours. A value of 1 will equalize concentrations with adjacent clouds on each gas tick -->
			<SpreadAmountMultiplier>1</SpreadAmountMultiplier>
			<!-- when concentration is below this threshold, gas will not attempt to multiply -->
			<SpreadMinConcentration>200</SpreadMinConcentration>
			<!-- concentrations below this will make the sprite progressively transparent -->
			<FullAlphaConcentration>1000</FullAlphaConcentration>
			<!-- the amount to concentration lost on each gas tick when on a tile with a roof -->		
			<RoofedDissipation>1</RoofedDissipation>
			<!-- the amount to concentration lost under the open sky -->		
			<UnroofedDissipation>25</UnroofedDissipation>
			<!-- how much the sprite will deviate from its base position and scale while animating -->		
			<AnimationAmplitude>.225</AnimationAmplitude> 
			<!-- duration of an animation cycle in seconds -->
			<AnimationPeriod> 
				<min>4</min>
				<max>6</max>
			</AnimationPeriod> 
			
			<affectsFleshy>true</affectsFleshy>
			<toxicSensitivityStatPower>.5</toxicSensitivityStatPower>
			<hediffDef>rxSleepingGas</hediffDef>
			<hediffSeverityPerGastick>
				<min>0.005</min>
				<max>0.010</max>
			</hediffSeverityPerGastick>
			<immunizingApparelDefs>
				<li>rxApparel_GasMask</li>
				<li>Apparel_PowerArmorHelmet</li>
			</immunizingApparelDefs>
		</mote>
		<isSaveable>true</isSaveable>
		<tickerType>Never</tickerType>
		<selectable>false</selectable>
		<useHitPoints>false</useHitPoints>
		<rotatable>false</rotatable>
	</ThingDef>
	
	<ThingDef ParentName="rxBaseSleepingGas">
		<defName>rxGas_SleepingRefined</defName>
		<label>refined sleeping gas cloud</label>
		<graphicData>
			<color>(255, 102, 161)</color>
		</graphicData>
		<mote Class="RemoteTech.MoteProperties_GasEffect">
			<hediffSeverityPerGastick>
				<min>0.008</min>
				<max>0.014</max>
			</hediffSeverityPerGastick>
		</mote>
	</ThingDef>	
	
</Defs>