﻿<?xml version="1.0" encoding="utf-8" ?>
<Defs>

	<KeyBindingDef>
		<category>rxDetonator</category>
		<defName>rxRemoteTableDetonate</defName>
		<label>Stationary detonator: Detonate</label>
		<defaultKeyCodeA>Z</defaultKeyCodeA>
	</KeyBindingDef>
	
	<KeyBindingDef>
		<category>rxRemoteTech</category>
		<defName>rxNextChannel</defName>
		<label>Detonator, explosives: Switch channel</label>
		<defaultKeyCodeA>C</defaultKeyCodeA>
	</KeyBindingDef>
	
	<KeyBindingDef>
		<category>rxRemoteTech</category>
		<defName>rxArm</defName>
		<label>Remote Tech Arm</label>
		<defaultKeyCodeA>Z</defaultKeyCodeA>
	</KeyBindingDef>
	
	<KeyBindingDef>
		<category>rxRemoteTech</category>
		<defName>rxAutoReplace</defName>
		<label>Remote Tech auto replace</label>
		<defaultKeyCodeA>R</defaultKeyCodeA>
	</KeyBindingDef>
	
	<KeyBindingDef>
		<category>rxTools</category>
		<defName>rxPortableDetonatorDetonate</defName>
		<label>Portable detonator: Detonate</label>
		<defaultKeyCodeA>Z</defaultKeyCodeA>
	</KeyBindingDef>	
	
</Defs>
