<?xml version="1.0" encoding="utf-8"?>
<Defs>

	<RemoteTech.TraderStockInjectorDef>
		<defName>rxBulkGoods_inject</defName>
		<traderDef>Orbital_BulkGoods</traderDef>
		<stockGenerators>
			<!-- mining -->
			<li Class="StockGenerator_SingleDef">
				<thingDef>rxMiningExplosiveComponent</thingDef>
				<countRange>
					<min>3</min>
					<max>12</max>
				</countRange>
			</li>
		</stockGenerators>
	</RemoteTech.TraderStockInjectorDef>

	<RemoteTech.TraderStockInjectorDef>
		<defName>rxBulkCaravan_inject</defName>
		<traderDef>Caravan_Outlander_BulkGoods</traderDef>
		<stockGenerators>
			<li Class="StockGenerator_SingleDef">
				<thingDef>rxMiningExplosiveComponent</thingDef>
				<countRange>
					<min>2</min>
					<max>4</max>
				</countRange>
			</li>
		</stockGenerators>
	</RemoteTech.TraderStockInjectorDef>

	<RemoteTech.TraderStockInjectorDef>
		<defName>rxCombatSupplier_inject</defName>
		<traderDef>Orbital_CombatSupplier</traderDef>
		<stockGenerators>
			<!-- combat -->
			<li Class="StockGenerator_SingleDef">
				<thingDef>rxRemoteBomb</thingDef>
				<countRange>
					<min>5</min>
					<max>15</max>
				</countRange>
			</li>
			<li Class="StockGenerator_SingleDef">
				<thingDef>rxRemoteFireBomb</thingDef>
				<countRange>
					<min>5</min>
					<max>10</max>
				</countRange>
			</li>
			<!-- emp -->
			<li Class="StockGenerator_SingleDef">
				<thingDef>rxRemoteEmpBomb</thingDef>
				<countRange>
					<min>1</min>
					<max>4</max>
				</countRange>
			</li>
		</stockGenerators>
	</RemoteTech.TraderStockInjectorDef>

	<RemoteTech.TraderStockInjectorDef>
		<defName>rxCombatSupplierCaravan_inject</defName>
		<traderDef>Caravan_Outlander_CombatSupplier</traderDef>
		<stockGenerators>
			<!-- combat -->
			<li Class="StockGenerator_SingleDef">
				<thingDef>rxRemoteBomb</thingDef>
				<countRange>
					<min>2</min>
					<max>5</max>
				</countRange>
			</li>
			<li Class="StockGenerator_SingleDef">
				<thingDef>rxRemoteFireBomb</thingDef>
				<countRange>
					<min>1</min>
					<max>4</max>
				</countRange>
			</li>
			<!-- emp -->
			<li Class="StockGenerator_SingleDef">
				<thingDef>rxRemoteEmpBomb</thingDef>
				<price>Expensive</price>
				<countRange>
					<min>1</min>
					<max>1</max>
				</countRange>
			</li>
		</stockGenerators>
	</RemoteTech.TraderStockInjectorDef>

	<RemoteTech.TraderStockInjectorDef>
		<defName>rxPirateMerchant_inject</defName>
		<traderDef>Orbital_PirateMerchant</traderDef>
		<stockGenerators>
			<!-- combat, cheap -->
			<li Class="StockGenerator_SingleDef">
				<thingDef>rxRemoteBomb</thingDef>
				<price>Cheap</price>
				<countRange>
					<min>0</min>
					<max>10</max>
				</countRange>
			</li>
			<li Class="StockGenerator_SingleDef">
				<thingDef>rxRemoteFireBomb</thingDef>
				<price>Cheap</price>
				<countRange>
					<min>0</min>
					<max>10</max>
				</countRange>
			</li>
		</stockGenerators>
	</RemoteTech.TraderStockInjectorDef>

	<RemoteTech.TraderStockInjectorDef>
		<defName>rxPirateCaravan_inject</defName>
		<traderDef>Caravan_Outlander_PirateMerchant</traderDef>
		<stockGenerators>
			<!-- combat, cheap -->
			<li Class="StockGenerator_SingleDef">
				<thingDef>rxRemoteBomb</thingDef>
				<price>Cheap</price>
				<countRange>
					<min>0</min>
					<max>6</max>
				</countRange>
			</li>
			<li Class="StockGenerator_SingleDef">
				<thingDef>rxRemoteFireBomb</thingDef>
				<price>Cheap</price>
				<countRange>
					<min>0</min>
					<max>6</max>
				</countRange>
			</li>
		</stockGenerators>
	</RemoteTech.TraderStockInjectorDef>

	<RemoteTech.TraderStockInjectorDef>
		<defName>rxExotic_inject</defName>
		<traderDef>Orbital_Exotic</traderDef>
		<stockGenerators>
			<li Class="StockGenerator_SingleDef">
				<thingDef>rxRemoteFoamCan</thingDef>
				<countRange>
					<min>2</min>
					<max>8</max>
				</countRange>
			</li>
			<li Class="StockGenerator_SingleDef">
				<thingDef>rxRemoteRefinedSleepingGasCan</thingDef>
				<countRange>
					<min>2</min>
					<max>8</max>
				</countRange>
			</li>
		</stockGenerators>
	</RemoteTech.TraderStockInjectorDef>

</Defs>