<?xml version="1.0" encoding="utf-8" ?>
<Defs>
	
	<EffecterDef>
		<defName>rxSparkweedIgnite</defName>
		<children>
			<li>
				<subEffecterClass>SubEffecter_SoundTriggered</subEffecterClass>
				<soundDef>rxSparkweedIgnite</soundDef>
			</li>
			<li>
				<subEffecterClass>SubEffecter_SprayerTriggered</subEffecterClass>
				<moteDef>Mote_DustPuff</moteDef>
				<spawnLocType>OnSource</spawnLocType>
				<burstCount>
					<min>3</min>
					<max>5</max>
				</burstCount>
				<airTime>
					<min>.5</min>
					<max>3</max>
				</airTime>
				<scale>
					<min>0.9</min>
					<max>1.3</max>
				</scale>
				<rotationRate>
					<min>-60</min>
					<max>60</max>
				</rotationRate>
				<speed>
					<min>0.6</min>
					<max>1.8</max>
				</speed>
			</li>
			<li>
				<subEffecterClass>SubEffecter_SprayerTriggered</subEffecterClass>
				<moteDef>Mote_FireGlow</moteDef>
				<spawnLocType>OnSource</spawnLocType>
				<burstCount>
					<min>1</min>
					<max>1</max>
				</burstCount>
				<airTime>
					<min>0.5</min>
					<max>1</max>
				</airTime>
				<scale>
					<min>3</min>
					<max>6</max>
				</scale>
			</li>
			<li>
				<subEffecterClass>SubEffecter_SprayerTriggered</subEffecterClass>
				<moteDef>rxMote_SpreadingSparks</moteDef>
				<spawnLocType>OnSource</spawnLocType>
				<burstCount>
					<min>3</min>
					<max>6</max>
				</burstCount>
				<scale>
					<min>0.9</min>
					<max>1.1</max>
				</scale>
				<airTime>
					<min>0.1</min>
					<max>0.3</max>
				</airTime>
				<rotationRate>
					<min>-240</min>
					<max>240</max>
				</rotationRate>
				<speed>
					<min>1</min>
					<max>5</max>
				</speed>
				<positionRadius>0.02</positionRadius>
			</li>
		</children>
	</EffecterDef>
	
	<EffecterDef>
		<defName>rxDetWireFailure</defName>
		<children>
			<li>
				<subEffecterClass>SubEffecter_SoundTriggered</subEffecterClass>
				<soundDef>rxCableFailure</soundDef>
			</li>
			<li>
				<subEffecterClass>SubEffecter_SprayerTriggered</subEffecterClass>
				<moteDef>Mote_DustPuff</moteDef>
				<spawnLocType>OnSource</spawnLocType>
				<burstCount>
					<min>3</min>
					<max>6</max>
				</burstCount>
				<scale>
					<min>0.9</min>
					<max>1.3</max>
				</scale>
				<rotationRate>
					<min>-60</min>
					<max>60</max>
				</rotationRate>
				<speed>
					<min>0.6</min>
					<max>1.8</max>
				</speed>
			</li>
			<li>
				<subEffecterClass>SubEffecter_SprayerTriggered</subEffecterClass>
				<moteDef>Mote_SparkFlash</moteDef>
				<spawnLocType>OnSource</spawnLocType>
				<burstCount>
					<min>2</min>
					<max>2</max>
				</burstCount>
				<scale>
					<min>3.5</min>
					<max>4.5</max>
				</scale>
			</li>
			<li>
				<subEffecterClass>SubEffecter_SprayerTriggered</subEffecterClass>
				<moteDef>Mote_SparkThrown</moteDef>
				<spawnLocType>OnSource</spawnLocType>
				<burstCount>
					<min>8</min>
					<max>20</max>
				</burstCount>
				<scale>
					<min>0.15</min>
					<max>0.25</max>
				</scale>
				<airTime>
					<min>0.08</min>
					<max>0.16</max>
				</airTime>
				<rotationRate>
					<min>-240</min>
					<max>240</max>
				</rotationRate>
				<speed>
					<min>5</min>
					<max>15</max>
				</speed>
				<angle>
					<min>-360</min>
					<max>360</max>
				</angle>
				<positionRadius>0.02</positionRadius>
			</li>
		</children>
	</EffecterDef>
	
</Defs>