<?xml version="1.0" encoding="utf-8" ?>
<Defs>

	<StatDef Name="rxBaseMiscStat" Abstract="True">
		<category>rxExplosives</category>
		<defaultBaseValue>0.0</defaultBaseValue>
		<toStringStyle>PercentZero</toStringStyle>
		<showIfUndefined>false</showIfUndefined>
	</StatDef>

	<StatDef ParentName="rxBaseMiscStat">
		<defName>rxExplosiveChunkYield</defName>
		<label>fracturing efficiency</label>
		<description>How efficient this explosive is at producing usable chunks when breaking stone.</description>
		<defaultBaseValue>0.5</defaultBaseValue>
		<maxValue>1</maxValue>
		<minValue>0</minValue>
	</StatDef>

	<StatDef ParentName="rxBaseMiscStat">
		<defName>rxExplosiveMiningYield</defName>
		<label>mining yield</label>
		<description>How efficient this explosive is at breaking resource-rich rocks.</description>
		<defaultBaseValue>0.5</defaultBaseValue>
		<maxValue>1</maxValue>
		<minValue>0</minValue>
	</StatDef>

	<StatDef ParentName="rxBaseMiscStat">
		<defName>rxExplosiveWoodYield</defName>
		<label>wood breaking yield</label>
		<description>How efficient this explosive is at producing usable wood from destroyed trees. Explosive forestry is best forestry.</description>
		<defaultBaseValue>0.5</defaultBaseValue>
		<maxValue>1</maxValue>
		<minValue>0</minValue>
	</StatDef>

	<StatDef ParentName="rxBaseMiscStat">
		<defName>rxPowerConsumption</defName>
		<label>power consumption</label>
		<description>The amount of power consumed by this building. Produces power when the value is negative.</description>
		<category>Building</category>
		<toStringStyle>FloatMaxOne</toStringStyle>
		<defaultBaseValue>0</defaultBaseValue>
	</StatDef>

	<StatDef ParentName="rxBaseMiscStat">
		<defName>rxSignalRange</defName>
		<label>detonator signal range</label>
		<description>The radius in which a detonator is able to detect and detonate remote explosives.</description>
		<category>Building</category>
		<toStringStyle>FloatMaxOne</toStringStyle>
		<defaultBaseValue>0</defaultBaseValue>
		<parts>
			<li Class="StatPart_Quality">
				<factorAwful>0.65</factorAwful>
				<factorPoor>0.9</factorPoor>
				<factorNormal>1</factorNormal>
				<factorGood>1.05</factorGood>
				<factorExcellent>1.15</factorExcellent>
				<factorMasterwork>1.2</factorMasterwork>
				<factorLegendary>1.25</factorLegendary>
			</li>
		</parts>
	</StatDef>

	<StatDef ParentName="rxBaseMiscStat">
		<defName>rxSunExposure</defName>
		<label>sun exposure</label>
		<description>The amount of sunlight this solar panel receives. Boosts power production in the morning and evening hours.</description>
		<category>Building</category>
		<toStringStyle>PercentZero</toStringStyle>
		<defaultBaseValue>1</defaultBaseValue>
		<minValue>0</minValue>
	</StatDef>
	
	<StatDef ParentName="rxBaseMiscStat">
		<defName>rxPowerCapacity</defName>
		<label>power capacity</label>
		<description>The amount of power this battery can store.</description>
		<category>Building</category>
		<toStringStyle>FloatMaxOne</toStringStyle>
		<defaultBaseValue>0</defaultBaseValue>
		<minValue>0</minValue>
	</StatDef>
	
	<StatDef ParentName="rxBaseMiscStat">
		<defName>rxVentingPower</defName>
		<label>gas venting power</label>
		<description>The amount gas concentration pushed by a vent per second.</description>
		<category>Building</category>
		<toStringStyle>FloatOne</toStringStyle>
		<defaultBaseValue>0</defaultBaseValue>
		<minValue>0</minValue>
	</StatDef>	
	
	<StatDef ParentName="rxBaseMiscStat">
		<defName>rxSensorAngle</defName>
		<label>sensor angle</label>
		<description>The angle in which the sensor can simultaneously detect targets.</description>
		<category>Building</category>
		<toStringStyle>FloatOne</toStringStyle>
		<defaultBaseValue>0</defaultBaseValue>
		<minValue>0</minValue>
		<maxValue>360</maxValue>
	</StatDef>
	
	<StatDef ParentName="rxBaseMiscStat">
		<defName>rxSensorRange</defName>
		<label>sensor range</label>
		<description>The maximum range at which the sensor is able to detect targets.</description>
		<category>Building</category>
		<toStringStyle>FloatOne</toStringStyle>
		<defaultBaseValue>0</defaultBaseValue>
		<minValue>0</minValue>
	</StatDef>
	
	<StatDef ParentName="rxBaseMiscStat">
		<defName>rxSensorSpeed</defName>
		<label>sensor rotation speed</label>
		<description>How fast the sensor rotates (degrees per second).</description>
		<category>Building</category>
		<toStringStyle>FloatOne</toStringStyle>
		<defaultBaseValue>0</defaultBaseValue>
		<minValue>0</minValue>
	</StatDef>
	
</Defs>