﻿<?xml version="1.0" encoding="utf-8"?>
<ModMetaData>
	<name>Remote Tech</name>
	<author>UnlimitedHugs</author>
	<supportedVersions>
		<li>1.0</li>
		<li>1.1</li>
		<li>1.2</li>
		<li>1.3</li>
	</supportedVersions>
	<url>https://ludeon.com/forums/index.php?topic=17285</url>
	<packageId>UnlimitedHugs.RemoteTech</packageId>
	<description>Version: 2.4.0
	
&lt;size=20&gt;Description&lt;/size&gt;
Remote Tech is a rich content mod focused on remotely detonated explosives. These allow to set up more effective and strategic base defenses, mine for resources, and many other things.
Early colonies and tribal settlements will benefit from low-tech makeshift explosives that can be made with renewable materials, while the late-game is extended with advanced chemical charges and automated defenses.

&lt;size=20&gt;How to use&lt;/size&gt;
Start by researching "Makeshift Explosives" from the Remote Tech tab- this gives you access to basic explosives that can be made using the campfire and crafting spot. Place them using the build menu (Remote Tech category), them trigger them using detonator wire connected to a manual detonator.
More advanced explosives can be purchased from traders or crafted at the explosives workshop. After unlocking the remote detonator, explosives can be triggered via radio signal. The remote detonator can be upgraded with channels to divide your placed explosives into groups, to be triggered separately.
Follow the Remote Tech research tree to unlock more powerful technologies.
	</description>
	<modDependencies>
		<li>
			<packageId>UnlimitedHugs.HugsLib</packageId>
			<displayName>HugsLib</displayName>
			<downloadUrl>https://github.com/UnlimitedHugs/RimworldHugsLib/releases/latest</downloadUrl>
			<steamWorkshopUrl>steam://url/CommunityFilePage/818773962</steamWorkshopUrl>
		</li>
	</modDependencies>
	<loadAfter>
		<li>UnlimitedHugs.HugsLib</li>
	</loadAfter>
</ModMetaData>